Year,Week,BA_NSA,HBA_NSA,WBA_NSA,CBA_NSA,YY_BA_NSA,YY_HBA_NSA,YY_WBA_NSA,YY_CBA_NSA
2006,1,39580,22590,14960,12800,,,,
2006,2,36920,23160,15840,14420,,,,
2006,3,63300,37470,24480,21730,,,,
2006,4,51910,30740,20270,17270,,,,
2006,5,61430,35700,22820,19950,,,,
2006,6,62890,36190,22810,19680,,,,
2006,7,61790,34940,21900,19140,,,,
2006,8,57910,33390,20720,18930,,,,
2006,9,52080,29860,18490,16940,,,,
2006,10,63440,36010,22160,20420,,,,
2006,11,60960,34810,21450,20010,,,,
2006,12,62540,36380,22080,21490,,,,
2006,13,61960,35280,21340,20280,,,,
2006,14,62270,35140,21250,19870,,,,
2006,15,59090,33340,20110,18830,,,,
2006,16,54940,30510,18230,16970,,,,
2006,17,54730,30340,18180,16970,,,,
2006,18,57850,33750,20150,19760,,,,
2006,19,58370,34190,19940,20300,,,,
2006,20,54980,31980,19330,18750,,,,
2006,21,53850,31160,18750,18170,,,,
2006,22,52340,30430,18580,17590,,,,
2006,23,40240,22920,14140,13360,,,,
2006,24,53600,30630,18670,17720,,,,
2006,25,53530,30890,18700,18160,,,,
2006,26,50250,29040,17660,16760,,,,
2006,27,49860,28910,17650,16870,,,,
2006,28,35330,20300,12500,11900,,,,
2006,29,51020,29230,18000,16670,,,,
2006,30,49810,28530,17460,16580,,,,
2006,31,48770,28080,17260,16090,,,,
2006,32,48230,27870,17120,15990,,,,
2006,33,48930,27980,16740,16190,,,,
2006,34,48690,27810,16800,15640,,,,
2006,35,50030,28470,17360,16120,,,,
2006,36,49260,27640,16660,15700,,,,
2006,37,36730,21130,12770,12360,,,,
2006,38,48350,27570,16460,15870,,,,
2006,39,48180,27730,16450,15890,,,,
2006,40,49720,28340,17020,16270,,,,
2006,41,48950,28040,16860,16060,,,,
2006,42,37310,21640,13010,12620,,,,
2006,43,44830,25930,15540,14750,,,,
2006,44,45420,26560,15970,15200,,,,
2006,45,44700,26230,15940,15260,,,,
2006,46,35360,20860,12520,12040,,,,
2006,47,50500,29290,17710,16980,,,,
2006,48,35770,20390,12310,11390,,,,
2006,49,43310,25370,15560,14630,,,,
2006,50,44670,26110,16070,15090,,,,
2006,51,45490,26650,16720,15310,,,,
2006,52,60800,35470,22320,20190,,,,
2007,1,41440,24360,15840,14320,4.7,7.84,5.88,11.88
2007,2,17620,10690,7110,6490,-52.28,-53.84,-55.11,-54.99
2007,3,74560,44800,28820,26000,17.79,19.56,17.73,19.65
2007,4,50830,30390,19270,17120,-2.08,-1.14,-4.93,-0.87
2007,5,61230,35780,22250,19900,-0.33,0.22,-2.5,-0.25
2007,6,61290,35550,22450,19140,-2.54,-1.77,-1.58,-2.74
2007,7,57370,32980,20190,18070,-7.15,-5.61,-7.81,-5.59
2007,8,54140,30980,19100,17160,-6.51,-7.22,-7.82,-9.35
2007,9,45900,26070,15620,14310,-11.87,-12.69,-15.52,-15.53
2007,10,61500,34920,21200,19320,-3.06,-3.03,-4.33,-5.39
2007,11,66150,38030,23050,21520,8.51,9.25,7.46,7.55
2007,12,59610,34460,20700,19870,-4.69,-5.28,-6.25,-7.54
2007,13,59220,33870,20440,19210,-4.42,-4.0,-4.22,-5.28
2007,14,57310,32970,19900,18430,-7.97,-6.18,-6.35,-7.25
2007,15,56190,31880,19330,17380,-4.91,-4.38,-3.88,-7.7
2007,16,53200,29940,18150,15950,-3.17,-1.87,-0.44,-6.01
2007,17,55490,30720,18270,16520,1.39,1.25,0.5,-2.65
2007,18,57480,33300,20200,18420,-0.64,-1.33,0.25,-6.78
2007,19,56280,32500,19730,18250,-3.58,-4.94,-1.05,-10.1
2007,20,53460,30740,18390,17450,-2.76,-3.88,-4.86,-6.93
2007,21,53220,31160,18160,18130,-1.17,0.0,-3.15,-0.22
2007,22,53860,31440,18940,18160,2.9,3.32,1.94,3.24
2007,23,41440,23950,14500,13770,2.98,4.49,2.55,3.07
2007,24,54530,31090,18860,17720,1.74,1.5,1.02,0.0
2007,25,50780,29170,17590,16590,-5.14,-5.57,-5.94,-8.65
2007,26,50230,29000,17800,16580,-0.04,-0.14,0.79,-1.07
2007,27,50800,29490,17920,16840,1.89,2.01,1.53,-0.18
2007,28,38480,22460,13840,12840,8.92,10.64,10.72,7.9
2007,29,48400,27800,16910,15560,-5.14,-4.89,-6.06,-6.66
2007,30,50200,28950,17570,16280,0.78,1.47,0.63,-1.81
2007,31,47390,26690,16140,14740,-2.83,-4.95,-6.49,-8.39
2007,32,52990,30620,18550,17120,9.87,9.87,8.35,7.07
2007,33,48820,28090,16950,15980,-0.22,0.39,1.25,-1.3
2007,34,46110,26410,15910,14830,-5.3,-5.03,-5.3,-5.18
2007,35,48320,27910,16560,15920,-3.42,-1.97,-4.61,-1.24
2007,36,50050,28710,17250,16180,1.6,3.87,3.54,3.06
2007,37,35250,19540,11510,10840,-4.03,-7.52,-9.87,-12.3
2007,38,49400,27900,16460,15600,2.17,1.2,0.0,-1.7
2007,39,60640,31370,17050,17720,25.86,13.13,3.65,11.52
2007,40,54530,27390,14130,15220,9.67,-3.35,-16.98,-6.45
2007,41,54660,27370,14150,15600,11.66,-2.39,-16.07,-2.86
2007,42,43180,21300,10480,12000,15.73,-1.57,-19.45,-4.91
2007,43,51220,24770,12180,13720,14.25,-4.47,-21.62,-6.98
2007,44,50390,25020,12700,13730,10.94,-5.8,-20.48,-9.67
2007,45,49050,24350,12370,13530,9.73,-7.17,-22.4,-11.34
2007,46,48000,23680,11710,13080,35.75,13.52,-6.47,8.64
2007,47,42610,21160,10700,11810,-15.62,-27.76,-39.58,-30.45
2007,48,33760,16670,8520,9260,-5.62,-18.24,-30.79,-18.7
2007,49,46190,22750,11670,12660,6.65,-10.33,-25.0,-13.47
2007,50,47360,23320,11930,13060,6.02,-10.69,-25.76,-13.45
2007,51,47130,23560,12120,13080,3.61,-11.59,-27.51,-14.57
2007,52,50250,25420,13830,14260,-17.35,-28.33,-38.04,-29.37
2008,1,32470,16630,9400,9420,-21.65,-31.73,-40.66,-34.22
2008,2,33750,17700,10280,10290,91.54,65.58,44.59,58.55
2008,3,60520,30730,16620,16880,-18.83,-31.41,-42.33,-35.08
2008,4,60280,30550,15880,16520,18.59,0.53,-17.59,-3.5
2008,5,54580,26740,13970,14170,-10.86,-25.27,-37.21,-28.79
2008,6,61480,30410,15640,15690,0.31,-14.46,-30.33,-18.03
2008,7,57290,27980,14300,14990,-0.14,-15.16,-29.17,-17.04
2008,8,55620,26810,13820,14190,2.73,-13.46,-27.64,-17.31
2008,9,52400,25470,13000,13640,14.16,-2.3,-16.77,-4.68
2008,10,61610,30150,15430,15590,0.18,-13.66,-27.22,-19.31
2008,11,59920,29190,14800,15620,-9.42,-23.24,-35.79,-27.42
2008,12,59210,29000,14430,16070,-0.67,-15.84,-30.29,-19.12
2008,13,57540,28150,13870,15580,-2.84,-16.89,-32.14,-18.9
2008,14,56030,27240,13810,14920,-2.23,-17.38,-30.6,-19.05
2008,15,58290,28200,14010,14790,3.74,-11.54,-27.52,-14.9
2008,16,56520,26600,12830,13930,6.24,-11.16,-29.31,-12.66
2008,17,56180,26580,12840,13740,1.24,-13.48,-29.72,-16.83
2008,18,54570,27030,13380,14620,-5.06,-18.83,-33.76,-20.63
2008,19,55600,27650,13980,15100,-1.21,-14.92,-29.14,-17.26
2008,20,53870,26630,13050,14690,0.77,-13.37,-29.04,-15.82
2008,21,53230,25980,12910,14190,0.02,-16.62,-28.91,-21.73
2008,22,51650,25210,12640,13810,-4.1,-19.82,-33.26,-23.95
2008,23,42490,20980,10600,11410,2.53,-12.4,-26.9,-17.14
2008,24,51710,25120,12590,13630,-5.17,-19.2,-33.24,-23.08
2008,25,48880,23910,11960,13230,-3.74,-18.03,-32.01,-20.25
2008,26,47930,23730,12010,12990,-4.58,-18.17,-32.53,-21.65
2008,27,40790,20110,10230,10920,-19.7,-31.81,-42.91,-35.15
2008,28,38780,19160,9760,10550,0.78,-14.69,-29.48,-17.83
2008,29,47580,23150,11700,12650,-1.69,-16.73,-30.81,-18.7
2008,30,48280,23720,11870,12620,-3.82,-18.07,-32.44,-22.48
2008,31,48680,23830,11920,12690,2.72,-10.72,-26.15,-13.91
2008,32,48420,23650,11870,12470,-8.62,-22.76,-36.01,-27.16
2008,33,56160,25630,13430,12420,15.03,-8.76,-20.77,-22.28
2008,34,46180,22280,11110,11860,0.15,-15.64,-30.17,-20.03
2008,35,47030,22410,11220,11830,-2.67,-19.71,-32.25,-25.69
2008,36,47610,22650,11360,12050,-4.88,-21.11,-34.14,-25.53
2008,37,38590,18440,9520,9830,9.48,-5.63,-17.29,-9.32
2008,38,48680,23610,11620,12540,-1.46,-15.38,-29.4,-19.62
2008,39,47130,22900,11310,12270,-22.28,-27.0,-33.67,-30.76
2008,40,47840,23010,11530,12250,-12.27,-15.99,-18.4,-19.51
2008,41,46430,22220,10880,11900,-15.06,-18.82,-23.11,-23.72
2008,42,45190,21350,10500,11310,4.65,0.23,0.19,-5.75
2008,43,38920,18750,9230,9920,-24.01,-24.3,-24.22,-27.7
2008,44,45400,21880,10670,11650,-9.9,-12.55,-15.98,-15.15
2008,45,43780,21360,10680,11230,-10.74,-12.28,-13.66,-17.0
2008,46,42590,20600,10130,11000,-11.27,-13.01,-13.49,-15.9
2008,47,41180,19910,9640,10590,-3.36,-5.91,-9.91,-10.33
2008,48,44530,21260,10410,11200,31.9,27.53,22.18,20.95
2008,49,29480,14240,7120,7620,-36.18,-37.41,-38.99,-39.81
2008,50,41660,20050,9980,10790,-12.04,-14.02,-16.35,-17.38
2008,51,43230,21220,10990,11300,-8.27,-9.93,-9.32,-13.61
2008,52,41940,20560,10830,11050,-16.54,-19.12,-21.69,-22.51
2008,53,23770,11940,6530,6680,,,,
2009,1,32480,16080,8710,8760,0.03,-3.31,-7.34,-7.01
2009,2,55290,28080,15410,15320,63.82,58.64,49.9,48.88
2009,3,53980,26630,13820,14090,-10.81,-13.34,-16.85,-16.53
2009,4,47950,23440,12080,12210,-20.45,-23.27,-23.93,-26.09
2009,5,54330,25950,13440,13210,-0.46,-2.95,-3.79,-6.77
2009,6,53280,25190,12640,12750,-13.34,-17.17,-19.18,-18.74
2009,7,51360,24400,12310,12710,-10.35,-12.79,-13.92,-15.21
2009,8,49110,23150,11670,12010,-11.7,-13.65,-15.56,-15.36
2009,9,53980,25660,12660,13460,3.02,0.75,-2.62,-1.32
2009,10,53480,25500,12610,13500,-13.2,-15.42,-18.28,-13.41
2009,11,53680,25730,12570,13880,-10.41,-11.85,-15.07,-11.14
2009,12,53850,25820,12840,13780,-9.05,-10.97,-11.02,-14.25
2009,13,54100,25730,12810,13470,-5.98,-8.6,-7.64,-13.54
2009,14,52930,24900,12460,12860,-5.53,-8.59,-9.78,-13.81
2009,15,49480,23130,11320,12000,-15.11,-17.98,-19.2,-18.86
2009,16,50160,23020,11040,11870,-11.25,-13.46,-13.95,-14.79
2009,17,51330,24930,12520,13220,-8.63,-6.21,-2.49,-3.78
2009,18,51740,25310,12670,13490,-5.19,-6.36,-5.31,-7.73
2009,19,49380,23750,11820,12760,-11.19,-14.1,-15.45,-15.5
2009,20,49140,23520,11720,12480,-8.78,-11.68,-10.19,-15.04
2009,21,48390,23050,11400,12380,-9.09,-11.28,-11.7,-12.76
2009,22,39910,18910,9520,10090,-22.73,-24.99,-24.68,-26.94
2009,23,49120,23240,11500,12170,15.6,10.77,8.49,6.66
2009,24,48040,22880,11530,11970,-7.1,-8.92,-8.42,-12.18
2009,25,47110,22400,11310,11750,-3.62,-6.32,-5.43,-11.19
2009,26,45410,21650,10820,11460,-5.26,-8.77,-9.91,-11.78
2009,27,38430,18400,9300,9860,-5.79,-8.5,-9.09,-9.71
2009,28,47020,22120,11090,11460,21.25,15.45,13.63,8.63
2009,29,45740,21670,10750,11550,-3.87,-6.39,-8.12,-8.7
2009,30,45330,21180,10620,11110,-6.11,-10.71,-10.53,-11.97
2009,31,45870,21770,10950,11330,-5.77,-8.64,-8.14,-10.72
2009,32,44640,21060,10260,11070,-7.81,-10.95,-13.56,-11.23
2009,33,43680,20220,9940,10420,-22.22,-21.11,-25.99,-16.1
2009,34,44740,20950,10490,10890,-3.12,-5.97,-5.58,-8.18
2009,35,46920,22000,10890,11550,-0.23,-1.83,-2.94,-2.37
2009,36,47190,21780,10750,11700,-0.88,-3.84,-5.37,-2.9
2009,37,36470,16860,8350,8780,-5.49,-8.57,-12.29,-10.68
2009,38,45550,21150,10370,11290,-6.43,-10.42,-10.76,-9.97
2009,39,46120,21330,10360,11510,-2.14,-6.86,-8.4,-6.19
2009,40,44520,20600,10010,10920,-6.94,-10.47,-13.18,-10.86
2009,41,46520,21440,10240,11350,0.19,-3.51,-5.88,-4.62
2009,42,39840,18530,8910,9680,-11.84,-13.21,-15.14,-14.41
2009,43,46340,21500,10250,11320,19.06,14.67,11.05,14.11
2009,44,45300,21270,10260,11280,-0.22,-2.79,-3.84,-3.18
2009,45,44870,20890,10120,11040,2.49,-2.2,-5.24,-1.69
2009,46,41360,19110,9230,10010,-2.89,-7.23,-8.88,-9.0
2009,47,43590,20330,9900,10430,5.85,2.11,2.7,-1.51
2009,48,31560,14710,7200,7730,-29.13,-30.81,-30.84,-30.98
2009,49,42200,19720,9680,10250,43.15,38.48,35.96,34.51
2009,50,44160,20570,10250,10880,6.0,2.59,2.71,0.83
2009,51,43460,20290,10350,10610,0.53,-4.38,-5.82,-6.11
2009,52,30100,14460,7650,7840,-28.23,-29.67,-29.36,-29.05
2010,1,30230,14490,7910,7500,-6.93,-9.89,-9.18,-14.38
2010,2,55000,26400,14030,13770,-0.52,-5.98,-8.96,-10.12
2010,3,52420,24680,12540,12740,-2.89,-7.32,-9.26,-9.58
2010,4,50010,23200,11700,11620,4.3,-1.02,-3.15,-4.83
2010,5,59190,27280,13650,13460,8.95,5.13,1.56,1.89
2010,6,56770,26000,12890,12830,6.55,3.22,1.98,0.63
2010,7,50330,22820,11160,11490,-2.01,-6.48,-9.34,-9.6
2010,8,48880,21980,10690,11000,-0.47,-5.05,-8.4,-8.41
2010,9,55390,24980,12180,12580,2.61,-2.65,-3.79,-6.54
2010,10,57600,25930,12570,13150,7.7,1.69,-0.32,-2.59
2010,11,57220,26250,12610,13580,6.59,2.02,0.32,-2.16
2010,12,49880,23820,11500,12920,-7.37,-7.75,-10.44,-6.24
2010,13,57350,26000,12520,13410,6.01,1.05,-2.26,-0.45
2010,14,53380,24350,11760,12350,0.85,-2.21,-5.62,-3.97
2010,15,50950,22860,10930,11540,2.97,-1.17,-3.45,-3.83
2010,16,53000,23160,10470,11300,5.66,0.61,-5.16,-4.8
2010,17,53000,24910,11660,12950,3.25,-0.08,-6.87,-2.04
2010,18,54210,25440,12170,12950,4.77,0.51,-3.95,-4.0
2010,19,51650,23900,11250,12580,4.6,0.63,-4.82,-1.41
2010,20,51050,23390,11160,12250,3.89,-0.55,-4.78,-1.84
2010,21,50890,23440,11210,12260,5.17,1.69,-1.67,-0.97
2010,22,50860,23330,11190,12230,27.44,23.37,17.54,21.21
2010,23,40180,18170,8790,9310,-18.2,-21.82,-23.57,-23.5
2010,24,48580,22050,10660,11170,1.12,-3.63,-7.55,-6.68
2010,25,46900,21580,10580,10880,-0.45,-3.66,-6.45,-7.4
2010,26,46350,21260,10160,10900,2.07,-1.8,-6.1,-4.89
2010,27,46200,21340,10310,10980,20.22,15.98,10.86,11.36
2010,28,37690,17140,8320,8700,-19.84,-22.51,-24.98,-24.08
2010,29,46600,21060,10010,10700,1.88,-2.81,-6.88,-7.36
2010,30,46040,21490,9990,10800,1.57,1.46,-5.93,-2.79
2010,31,45290,21060,9860,10840,-1.26,-3.26,-9.95,-4.32
2010,32,47170,22260,10220,11590,5.67,5.7,-0.39,4.7
2010,33,44340,20870,9850,10560,1.51,3.21,-0.91,1.34
2010,34,47280,21770,10050,10960,5.68,3.91,-4.19,0.64
2010,35,48420,22400,10410,11290,3.2,1.82,-4.41,-2.25
2010,36,47840,21920,10200,10590,1.38,0.64,-5.12,-9.49
2010,37,37260,16810,7800,8280,2.17,-0.3,-6.59,-5.69
2010,38,47350,21700,9940,10670,3.95,2.6,-4.15,-5.49
2010,39,48750,22100,10250,10820,5.7,3.61,-1.06,-5.99
2010,40,48280,22090,10260,10800,8.45,7.23,2.5,-1.1
2010,41,46730,21330,9610,10660,0.45,-0.51,-6.15,-6.08
2010,42,41840,19140,8480,9520,5.02,3.29,-4.83,-1.65
2010,43,49120,22560,10390,11140,6.0,4.93,1.37,-1.59
2010,44,47830,21910,10140,10660,5.58,3.01,-1.17,-5.5
2010,45,46060,21450,9780,10740,2.65,2.68,-3.36,-2.72
2010,46,44490,20230,9220,10170,7.57,5.86,-0.11,1.6
2010,47,47890,22070,10140,10970,9.86,8.56,2.42,5.18
2010,48,31470,14280,6530,7280,-0.29,-2.92,-9.31,-5.82
2010,49,44290,20430,9480,10420,4.95,3.6,-2.07,1.66
2010,50,47740,21700,10170,10760,8.11,5.49,-0.78,-1.1
2010,51,37120,17310,8350,8770,-14.59,-14.69,-19.32,-17.34
2010,52,33670,16170,8170,8350,11.86,11.83,6.8,6.51
2011,1,29760,14480,7330,7310,-1.55,-0.07,-7.33,-2.53
2011,2,62880,30240,15190,14790,14.33,14.55,8.27,7.41
2011,3,59320,27350,13090,12610,13.16,10.82,4.39,-1.02
2011,4,56500,25710,11890,11470,12.98,10.82,1.62,-1.29
2011,5,62700,28030,12870,12140,5.93,2.75,-5.71,-9.81
2011,6,59790,26520,12100,11610,5.32,2.0,-6.13,-9.51
2011,7,57770,25560,11750,11600,14.78,12.01,5.29,0.96
2011,8,57890,25770,11700,11790,18.43,17.24,9.45,7.18
2011,9,55110,24410,11190,11430,-0.51,-2.28,-8.13,-9.14
2011,10,59500,26450,11990,12500,3.3,2.01,-4.61,-4.94
2011,11,58570,26690,12010,13000,2.36,1.68,-4.76,-4.27
2011,12,58160,26990,11890,13390,16.6,13.31,3.39,3.64
2011,13,57940,26530,11910,12850,1.03,2.04,-4.87,-4.18
2011,14,59180,26850,12160,13110,10.87,10.27,3.4,6.15
2011,15,56890,25540,11260,12160,11.66,11.72,3.02,5.37
2011,16,55080,24360,10870,11170,3.92,5.18,3.82,-1.15
2011,17,48500,21950,9860,10700,-8.49,-11.88,-15.44,-17.37
2011,18,31010,15140,7290,7490,-42.8,-40.49,-40.1,-42.16
2011,19,51620,25240,12380,12820,-0.06,5.61,10.04,1.91
2011,20,49010,23370,11200,11750,-4.0,-0.09,0.36,-4.08
2011,21,50600,23570,11200,11500,-0.57,0.55,-0.09,-6.2
2011,22,48790,22980,10980,11280,-4.07,-1.5,-1.88,-7.77
2011,23,44230,20130,9400,9950,10.08,10.79,6.94,6.87
2011,24,54730,25270,11720,12620,12.66,14.6,9.94,12.98
2011,25,53160,24840,11080,12520,13.35,15.11,4.73,15.07
2011,26,49760,22880,10580,11370,7.36,7.62,4.13,4.31
2011,27,49150,22570,10470,10990,6.39,5.76,1.55,0.09
2011,28,38000,17440,7820,8510,0.82,1.75,-6.01,-2.18
2011,29,47770,21490,9700,10470,2.51,2.04,-3.1,-2.15
2011,30,48100,22070,10020,10860,4.47,2.7,0.3,0.56
2011,31,47850,21830,10050,10590,5.65,3.66,1.93,-2.31
2011,32,47460,21520,9680,10650,0.61,-3.32,-5.28,-8.11
2011,33,47160,21420,9660,10320,6.36,2.64,-1.93,-2.27
2011,34,46450,20930,9360,10120,-1.76,-3.86,-6.87,-7.66
2011,35,47010,21250,9560,10260,-2.91,-5.13,-8.17,-9.12
2011,36,46690,20990,9600,10240,-2.4,-4.24,-5.88,-3.31
2011,37,37420,17060,7560,8320,0.43,1.49,-3.08,0.48
2011,38,48650,21890,9760,10690,2.75,0.88,-1.81,0.19
2011,39,47060,21510,9840,10610,-3.47,-2.67,-4.0,-1.94
2011,40,42520,19590,9030,9760,-11.93,-11.32,-11.99,-9.63
2011,41,48500,22110,10000,10840,3.79,3.66,4.06,1.69
2011,42,40220,18400,8180,9060,-3.87,-3.87,-3.54,-4.83
2011,43,47200,21520,9570,10530,-3.91,-4.61,-7.89,-5.48
2011,44,47480,21490,9900,10530,-0.73,-1.92,-2.37,-1.22
2011,45,45730,20690,9290,10140,-0.72,-3.54,-5.01,-5.59
2011,46,38930,17330,7810,8320,-12.5,-14.34,-15.29,-18.19
2011,47,52260,23490,10550,11320,9.13,6.43,4.04,3.19
2011,48,32760,14560,6540,7090,4.1,1.96,0.15,-2.61
2011,49,44030,19620,8790,9550,-0.59,-3.96,-7.28,-8.35
2011,50,46100,21150,9870,10370,-3.44,-2.53,-2.95,-3.62
2011,51,46650,21350,10170,10390,25.67,23.34,21.8,18.47
2011,52,44690,21120,10350,10570,32.73,30.61,26.68,26.59
2012,1,3680,1870,1200,1010,-87.63,-87.09,-83.63,-86.18
2012,2,50320,24390,12430,12130,-19.97,-19.35,-18.17,-17.99
2012,3,66650,30340,14620,14520,12.36,10.93,11.69,15.15
2012,4,58210,25430,12010,11670,3.03,-1.09,1.01,1.74
2012,5,48710,21520,10060,9710,-22.31,-23.23,-21.83,-20.02
2012,6,61710,27080,12650,12030,3.21,2.11,4.55,3.62
2012,7,60600,26160,11930,12080,4.9,2.35,1.53,4.14
2012,8,57220,25180,11560,11630,-1.16,-2.29,-1.2,-1.36
2012,9,55170,24180,10940,11260,0.11,-0.94,-2.23,-1.49
2012,10,61310,26740,11950,12570,3.04,1.1,-0.33,0.56
2012,11,60570,26580,11820,12380,3.41,-0.41,-1.58,-4.77
2012,12,60150,27140,11940,13430,3.42,0.56,0.42,0.3
2012,13,57520,26120,11540,12780,-0.72,-1.55,-3.11,-0.54
2012,14,59300,26110,11740,12300,0.2,-2.76,-3.45,-6.18
2012,15,56880,25230,11310,12030,-0.02,-1.21,0.44,-1.07
2012,16,53720,23500,10220,11130,-2.47,-3.53,-5.98,-0.36
2012,17,56000,24390,10520,11370,15.46,11.12,6.69,6.26
2012,18,54230,24860,11250,12020,74.88,64.2,54.32,60.48
2012,19,54360,25070,11500,12010,5.31,-0.67,-7.11,-6.32
2012,20,52810,24410,10840,12250,7.75,4.45,-3.21,4.26
2012,21,51490,23530,10540,11510,1.76,-0.17,-5.89,0.09
2012,22,50220,23070,10330,11530,2.93,0.39,-5.92,2.22
2012,23,41190,18710,8580,9100,-6.87,-7.05,-8.72,-8.54
2012,24,50750,22960,10180,11130,-7.27,-9.14,-13.14,-11.81
2012,25,48640,22050,9960,10620,-8.5,-11.23,-10.11,-15.18
2012,26,48720,22260,10080,10580,-2.09,-2.71,-4.73,-6.95
2012,27,48710,22370,10240,10960,-0.9,-0.89,-2.2,-0.27
2012,28,38250,17320,7770,8430,0.66,-0.69,-0.64,-0.94
2012,29,45480,20650,9180,10210,-4.79,-3.91,-5.36,-2.48
2012,30,46870,21230,9540,10280,-2.56,-3.81,-4.79,-5.34
2012,31,46730,21090,9450,10180,-2.34,-3.39,-5.97,-3.87
2012,32,46590,20950,9330,9980,-1.83,-2.65,-3.62,-6.29
2012,33,45370,20080,8750,9760,-3.8,-6.26,-9.42,-5.43
2012,34,45900,20310,9170,9780,-1.18,-2.96,-2.03,-3.36
2012,35,47070,20630,9170,9860,0.13,-2.92,-4.08,-3.9
2012,36,38410,16940,7610,8150,-17.73,-19.29,-20.73,-20.41
2012,37,34720,15710,6900,7800,-7.22,-7.91,-8.73,-6.25
2012,38,54140,23840,10240,11460,11.28,8.91,4.92,7.2
2012,39,48980,21540,9530,10280,4.08,0.14,-3.15,-3.11
2012,40,48000,21440,9470,10280,12.89,9.44,4.87,5.33
2012,41,48220,21450,9350,10630,-0.58,-2.99,-6.5,-1.94
2012,42,40790,18100,7780,8780,1.42,-1.63,-4.89,-3.09
2012,43,47350,20980,9080,10010,0.32,-2.51,-5.12,-4.94
2012,44,47220,20810,9030,10110,-0.55,-3.16,-8.79,-3.99
2012,45,41600,18640,8540,8970,-9.03,-9.91,-8.07,-11.54
2012,46,43280,19210,8700,9170,11.17,10.85,11.4,10.22
2012,47,40940,18020,7930,8750,-21.66,-23.29,-24.83,-22.7
2012,48,34940,15460,6800,7650,6.65,6.18,3.98,7.9
2012,49,38730,16890,7550,8030,-12.04,-13.91,-14.11,-15.92
2012,50,42610,18860,8460,9280,-7.57,-10.83,-14.29,-10.51
2012,51,36390,16310,7590,7950,-21.99,-23.61,-25.37,-23.48
2012,52,86670,39240,18770,19220,93.94,85.8,81.35,81.84
2013,1,29360,13810,7090,6720,697.83,638.5,490.83,565.35
2013,2,54560,24660,11580,11860,8.43,1.11,-6.84,-2.23
2013,3,70250,31050,14460,14740,5.4,2.34,-1.09,1.52
2013,4,55560,23880,10700,10840,-4.55,-6.1,-10.91,-7.11
2013,5,60450,25430,11480,11110,24.1,18.17,14.12,14.42
2013,6,56160,23760,10460,10870,-8.99,-12.26,-17.31,-9.64
2013,7,56540,24410,10750,11230,-6.7,-6.69,-9.89,-7.04
2013,8,52900,22610,9900,10390,-7.55,-10.21,-14.36,-10.66
2013,9,60300,25980,11480,11900,9.3,7.44,4.94,5.68
2013,10,60180,26430,11500,12340,-1.84,-1.16,-3.77,-1.83
2013,11,59300,26480,11410,12980,-2.1,-0.38,-3.47,4.85
2013,12,59350,26340,11410,12750,-1.33,-2.95,-4.44,-5.06
2013,13,57150,24930,10950,11580,-0.64,-4.56,-5.11,-9.39
2013,14,53790,23300,10110,10890,-9.29,-10.76,-13.88,-11.46
2013,15,56940,24570,10380,11300,0.11,-2.62,-8.22,-6.07
2013,16,55800,24000,10270,11140,3.87,2.13,0.49,0.09
2013,17,54450,24870,10880,11910,-2.77,1.97,3.42,4.75
2013,18,56740,25730,11190,12480,4.63,3.5,-0.53,3.83
2013,19,53680,24330,10870,11790,-1.25,-2.95,-5.48,-1.83
2013,20,50590,22710,10180,10850,-4.2,-6.96,-6.09,-11.43
2013,21,41820,19080,8480,9150,-18.78,-18.91,-19.54,-20.5
2013,22,45120,20640,9250,10050,-10.16,-10.53,-10.45,-12.84
2013,23,52180,23600,10460,11410,26.68,26.14,21.91,25.38
2013,24,35080,16260,7360,7970,-30.88,-29.18,-27.7,-28.39
2013,25,55620,25800,11730,12610,14.35,17.01,17.77,18.74
2013,26,57650,26210,11820,12250,18.33,17.74,17.26,15.78
2013,27,32890,14800,6680,6940,-32.48,-33.84,-34.77,-36.68
2013,28,53780,24040,10520,11320,40.6,38.8,35.39,34.28
2013,29,50270,22170,9680,10410,10.53,7.36,5.45,1.96
2013,30,48140,21190,9340,9950,2.71,-0.19,-2.1,-3.21
2013,31,50000,22070,9540,10420,7.0,4.65,0.95,2.36
2013,32,49710,21670,9290,10120,6.7,3.44,-0.43,1.4
2013,33,48320,21030,8970,10040,6.5,4.73,2.51,2.87
2013,34,48890,21580,9290,10180,6.51,6.25,1.31,4.09
2013,35,50130,22050,9450,10590,6.5,6.88,3.05,7.4
2013,36,38000,16610,7060,7860,-1.07,-1.95,-7.23,-3.56
2013,37,51610,22540,9400,10560,48.65,43.48,36.23,35.38
2013,38,50780,22480,9330,10710,-6.21,-5.7,-8.89,-6.54
2013,39,40980,18130,7630,8770,-16.33,-15.83,-19.94,-14.69
2013,40,57060,25210,10500,12160,18.88,17.58,10.88,18.29
2013,41,42130,18750,7590,9200,-12.63,-12.59,-18.82,-13.45
2013,42,38070,16770,6820,8100,-6.67,-7.35,-12.34,-7.74
2013,43,52020,22600,9200,10940,9.86,7.72,1.32,9.29
2013,44,52650,23240,9660,11430,11.5,11.68,6.98,13.06
2013,45,49900,21610,8860,10430,19.95,15.93,3.75,16.28
2013,46,42530,18590,7650,9090,-1.73,-3.23,-12.07,-0.87
2013,47,49980,21690,8950,10560,22.08,20.37,12.86,20.69
2013,48,37050,16320,6950,8090,6.04,5.56,2.21,5.75
2013,49,41520,18090,7760,8810,7.2,7.1,2.78,9.71
2013,50,45920,20530,9070,9980,7.77,8.85,7.21,7.54
2013,51,47040,21630,9780,10670,29.27,32.62,28.85,34.21
2013,52,34090,15760,7300,7990,-60.67,-59.84,-61.11,-58.43
2014,1,12310,5850,2800,3030,-58.07,-57.64,-60.51,-54.91
2014,2,64310,29640,14210,14370,17.87,20.19,22.71,21.16
2014,3,71900,31640,13950,15160,2.35,1.9,-3.53,2.85
2014,4,52580,22770,9940,10850,-5.36,-4.65,-7.1,0.09
2014,5,61170,25950,11100,11960,1.19,2.04,-3.31,7.65
2014,6,61230,25370,10750,11600,9.03,6.78,2.77,6.72
2014,7,58950,24510,10160,11410,4.26,0.41,-5.49,1.6
2014,8,54280,22590,9360,10550,2.61,-0.09,-5.45,1.54
2014,9,62850,26350,11070,12340,4.23,1.42,-3.57,3.7
2014,10,61850,26010,10570,12390,2.78,-1.59,-8.09,0.41
2014,11,61480,26310,10520,12810,3.68,-0.64,-7.8,-1.31
2014,12,61960,26540,10760,12920,4.4,0.76,-5.7,1.33
2014,13,63520,26920,11220,12850,11.15,7.98,2.47,10.97
2014,14,61810,25950,10660,12170,14.91,11.37,5.44,11.75
2014,15,59080,24930,9770,11670,3.76,1.47,-5.88,3.27
2014,16,57460,23780,9430,11140,2.97,-0.92,-8.18,0.0
2014,17,55190,24470,10210,11900,1.36,-1.61,-6.16,-0.08
2014,18,58590,25730,10700,12330,3.26,0.0,-4.38,-1.2
2014,19,55980,24400,9900,11990,4.28,0.29,-8.92,1.7
2014,20,53440,23790,9810,11610,5.63,4.76,-3.63,7.0
2014,21,54000,23990,9700,11730,29.12,25.73,14.39,28.2
2014,22,42930,18760,7680,9160,-4.85,-9.11,-16.97,-8.86
2014,23,53950,23310,9770,11080,3.39,-1.23,-6.6,-2.89
2014,24,52650,23080,9540,11180,50.09,41.94,29.62,40.28
2014,25,51470,23300,9790,11430,-7.46,-9.69,-16.54,-9.36
2014,26,51960,23020,9670,11150,-9.87,-12.17,-18.19,-8.98
2014,27,49630,21710,9040,10640,50.9,46.69,35.33,53.31
2014,28,41230,17890,7350,8760,-23.34,-25.58,-30.13,-22.61
2014,29,48250,21070,8660,10050,-4.02,-4.96,-10.54,-3.46
2014,30,50670,22050,9060,10460,5.26,4.06,-3.0,5.13
2014,31,50140,22080,9340,10500,0.28,0.05,-2.1,0.77
2014,32,49540,21540,9000,10390,-0.34,-0.6,-3.12,2.67
2014,33,50080,21550,8710,10400,3.64,2.47,-2.9,3.59
2014,34,51110,22050,9240,10620,4.54,2.18,-0.54,4.32
2014,35,50980,22090,9180,10810,1.7,0.18,-2.86,2.08
2014,36,40850,17670,7320,8540,7.5,6.38,3.68,8.65
2014,37,51600,21920,8690,10710,-0.02,-2.75,-7.55,1.42
2014,38,51240,22310,8980,10710,0.91,-0.76,-3.75,0.0
2014,39,51430,22340,9230,10800,25.5,23.22,20.97,23.15
2014,40,51020,22180,9140,10670,-10.59,-12.02,-12.95,-12.25
2014,41,50390,21700,8770,10480,19.61,15.73,15.55,13.91
2014,42,43710,18920,7720,9070,14.81,12.82,13.2,11.98
2014,43,48780,21260,8600,10320,-6.23,-5.93,-6.52,-5.67
2014,44,50850,22250,8980,10650,-3.42,-4.26,-7.04,-6.82
2014,45,49270,21400,8620,10390,-1.26,-0.97,-2.71,-0.38
2014,46,44150,19140,7820,9300,3.81,2.96,2.22,2.31
2014,47,47510,20770,8390,9950,-4.94,-4.24,-6.26,-5.78
2014,48,36640,16070,6510,7900,-1.11,-1.53,-6.33,-2.35
2014,49,43450,19300,8050,9410,4.65,6.69,3.74,6.81
2014,50,48430,21740,9340,10430,5.47,5.89,2.98,4.51
2014,51,48870,22050,9620,10510,3.89,1.94,-1.64,-1.5
2014,52,35240,16430,7350,8390,3.37,4.25,0.68,5.01
2014,53,12310,5680,2680,2800,,,,
2015,1,73980,33580,15540,16440,500.97,474.02,455.0,442.57
2015,2,50660,22150,9660,10380,-21.23,-25.27,-32.02,-27.77
2015,3,69830,30020,12840,13930,-2.88,-5.12,-7.96,-8.11
2015,4,65190,27910,11850,12790,23.98,22.57,19.22,17.88
2015,5,64110,27410,11250,12970,4.81,5.63,1.35,8.44
2015,6,63490,26720,10920,12550,3.69,5.32,1.58,8.19
2015,7,55080,23170,9330,10900,-6.56,-5.47,-8.17,-4.47
2015,8,62440,26430,10670,12320,15.03,17.0,14.0,16.78
2015,9,62870,26660,10770,12720,0.03,1.18,-2.71,3.08
2015,10,61330,26310,10380,12890,-0.84,1.15,-1.8,4.04
2015,11,62910,27050,10690,13250,2.33,2.81,1.62,3.43
2015,12,63070,26950,10920,12670,1.79,1.54,1.49,-1.93
2015,13,62240,26340,10700,12340,-2.02,-2.15,-4.63,-3.97
2015,14,56610,23630,9450,10900,-8.41,-8.94,-11.35,-10.44
2015,15,59750,24600,9460,11450,1.13,-1.32,-3.17,-1.89
2015,16,59600,25980,10610,12150,3.72,9.25,12.51,9.07
2015,17,59420,26020,10590,12350,7.66,6.33,3.72,3.78
2015,18,54820,23900,9500,11400,-6.43,-7.11,-11.21,-7.54
2015,19,56180,24590,10060,11670,0.36,0.78,1.62,-2.67
2015,20,56590,24560,10030,11620,5.89,3.24,2.24,0.09
2015,21,45570,19890,8120,9620,-15.61,-17.09,-16.29,-17.99
2015,22,56730,24490,10040,11560,32.15,30.54,30.73,26.2
2015,23,53620,23080,9510,11030,-0.61,-0.99,-2.66,-0.45
2015,24,53650,23250,9510,11020,1.9,0.74,-0.31,-1.43
2015,25,54000,23520,9720,11150,4.92,0.94,-0.72,-2.45
2015,26,52800,22630,9490,10660,1.62,-1.69,-1.86,-4.39
2015,27,46100,19390,7910,9000,-7.11,-10.69,-12.5,-15.41
2015,28,51100,21530,8820,10160,23.94,20.35,20.0,15.98
2015,29,51970,22040,8880,10380,7.71,4.6,2.54,3.28
2015,30,54400,23060,9310,11000,7.36,4.58,2.76,5.16
2015,31,51720,21690,9010,10310,3.15,-1.77,-3.53,-1.81
2015,32,52640,22120,8890,10390,6.26,2.69,-1.22,0.0
2015,33,52280,21760,8790,10180,4.39,0.97,0.92,-2.12
2015,34,52760,21770,8830,10110,3.23,-1.27,-4.44,-4.8
2015,35,53350,22140,9020,10380,4.65,0.23,-1.74,-3.98
2015,36,43020,17760,7200,8180,5.31,0.51,-1.64,-4.22
2015,37,52490,21610,8530,10050,1.72,-1.41,-1.84,-6.16
2015,38,54510,23390,9110,11430,6.38,4.84,1.45,6.72
2015,39,54230,23410,8930,11710,5.44,4.79,-3.25,8.43
2015,40,53010,23080,8960,11480,3.9,4.06,-1.97,7.59
2015,41,47380,20090,7840,9680,-5.97,-7.42,-10.6,-7.63
2015,42,55580,23470,9390,11190,27.16,24.05,21.63,23.37
2015,43,53110,22690,9160,10480,8.88,6.73,6.51,1.55
2015,44,50580,21200,8540,9910,-0.53,-4.72,-4.9,-6.95
2015,45,48790,20590,8290,9800,-0.97,-3.79,-3.83,-5.68
2015,46,50820,21260,8560,10020,15.11,11.08,9.46,7.74
2015,47,37430,15950,6610,7670,-21.22,-23.21,-21.22,-22.91
2015,48,44520,18600,7720,8840,21.51,15.74,18.59,11.9
2015,49,51250,22100,9150,10470,17.95,14.51,13.66,11.26
2015,50,51040,22100,9470,10420,5.39,1.66,1.39,-0.1
2015,51,40620,18030,8010,8620,-16.88,-18.23,-16.74,-17.98
2015,52,17200,7650,3500,3830,-51.19,-53.44,-52.38,-54.35
2016,1,75660,33770,15750,15760,2.27,0.57,1.35,-4.14
2016,2,52920,22470,9820,10470,4.46,1.44,1.66,0.87
2016,3,72980,30400,12690,13820,4.51,1.27,-1.17,-0.79
2016,4,64810,26560,11100,12150,-0.58,-4.84,-6.33,-5.0
2016,5,54920,22340,9270,9860,-14.33,-18.5,-17.6,-23.98
2016,6,74280,30270,12210,14140,16.99,13.29,11.81,12.67
2016,7,61880,25010,10330,11110,12.35,7.94,10.72,1.93
2016,8,66970,27170,11130,11960,7.25,2.8,4.31,-2.92
2016,9,66280,26730,10810,11850,5.42,0.26,0.37,-6.84
2016,10,66420,27370,10890,12660,8.3,4.03,4.91,-1.78
2016,11,64310,26680,10720,12400,2.23,-1.37,0.28,-6.42
2016,12,65640,27120,10790,12590,4.07,0.63,-1.19,-0.63
2016,13,60420,24750,9990,11190,-2.92,-6.04,-6.64,-9.32
2016,14,64310,26010,10150,11730,13.6,10.07,7.41,7.61
2016,15,62000,24970,9820,11100,3.77,1.5,3.81,-3.06
2016,16,61780,25260,9910,11360,3.66,-2.77,-6.6,-6.5
2016,17,62360,26070,10590,11820,4.95,0.19,0.0,-4.29
2016,18,61610,25590,10250,11810,12.39,7.07,7.89,3.6
2016,19,59680,25110,10130,11770,6.23,2.11,0.7,0.86
2016,20,57130,24110,9690,11290,0.95,-1.83,-3.39,-2.84
2016,21,62740,26460,10720,12440,37.68,33.03,32.02,29.31
2016,22,46800,19730,7980,9390,-17.5,-19.44,-20.52,-18.77
2016,23,60370,25380,10120,11760,12.59,9.97,6.41,6.62
2016,24,56800,23500,9610,10760,5.87,1.08,1.05,-2.36
2016,25,54790,23110,9480,10730,1.46,-1.74,-2.47,-3.77
2016,26,34540,14560,5900,6720,-34.58,-35.66,-37.83,-36.96
2016,27,60100,25180,10270,11440,30.37,29.86,29.84,27.11
2016,28,55670,22930,9120,10550,8.94,6.5,3.4,3.84
2016,29,54100,22400,8870,10430,4.1,1.63,-0.11,0.48
2016,30,55430,22770,9170,10320,1.89,-1.26,-1.5,-6.18
2016,31,54840,22080,8810,10010,6.03,1.8,-2.22,-2.91
2016,32,55060,22570,9050,10270,4.6,2.03,1.8,-1.15
2016,33,56480,22800,9040,10390,8.03,4.78,2.84,2.06
2016,34,56390,23120,9190,10420,6.88,6.2,4.08,3.07
2016,35,54580,21980,8810,10020,2.31,-0.72,-2.33,-3.47
2016,36,45920,18630,7440,8540,6.74,4.9,3.33,4.4
2016,37,57860,22780,8950,10390,10.23,5.41,4.92,3.38
2016,38,58480,23700,9320,10810,7.28,1.33,2.31,-5.42
2016,39,56920,22970,9370,10540,4.96,-1.88,4.93,-9.99
2016,40,54480,21820,8710,10020,2.77,-5.46,-2.79,-12.72
2016,41,47290,19180,7650,8940,-0.19,-4.53,-2.42,-7.64
2016,42,54180,21950,8700,10040,-2.52,-6.48,-7.35,-10.28
2016,43,53970,21940,8750,10060,1.62,-3.31,-4.48,-4.01
2016,44,51960,20880,8350,9550,2.73,-1.51,-2.22,-3.63
2016,45,52790,21460,8670,9860,8.2,4.23,4.58,0.61
2016,46,51250,20520,8110,9450,0.85,-3.48,-5.26,-5.69
2016,47,41650,16520,6640,7740,11.27,3.57,0.45,0.91
2016,48,51220,20130,8160,9210,15.05,8.23,5.7,4.19
2016,49,55790,22650,9340,10400,8.86,2.49,2.08,-0.67
2016,50,56490,23270,9820,10820,10.68,5.29,3.7,3.84
2016,51,52790,21910,9660,10280,29.96,21.52,20.6,19.26
2016,52,22680,9380,4080,4620,31.86,22.61,16.57,20.63
2017,1,61560,26260,12100,11900,-18.64,-22.24,-23.17,-24.49
2017,2,70980,28690,12350,13270,34.13,27.68,25.76,26.74
2017,3,62220,25030,10560,11260,-14.74,-17.66,-16.78,-18.52
2017,4,76230,29930,12100,13360,17.62,12.69,9.01,9.96
2017,5,75090,29120,11800,12560,36.73,30.35,27.29,27.38
2017,6,69760,26980,10780,12100,-6.09,-10.87,-11.71,-14.43
2017,7,67290,26140,10550,11600,8.74,4.52,2.13,4.41
2017,8,66690,25680,10320,11430,-0.42,-5.48,-7.28,-4.43
2017,9,73060,28540,11290,12750,10.23,6.77,4.44,7.59
2017,10,72390,28240,11090,12540,8.99,3.18,1.84,-0.95
2017,11,71540,27950,10960,12820,11.24,4.76,2.24,3.39
2017,12,68950,26850,10510,12320,5.04,-1.0,-2.59,-2.14
2017,13,71640,28150,11010,12860,18.57,13.74,10.21,14.92
2017,14,69630,27400,10410,12510,8.27,5.34,2.56,6.65
2017,15,66960,26040,9850,11880,8.0,4.29,0.31,7.03
2017,16,64510,25160,9380,11580,4.42,-0.4,-5.35,1.94
2017,17,66880,26920,10570,12520,7.25,3.26,-0.19,5.92
2017,18,65770,26280,10130,12300,6.75,2.7,-1.17,4.15
2017,19,65720,26180,10400,12050,10.12,4.26,2.67,2.38
2017,20,64010,25810,10050,12290,12.04,7.05,3.72,8.86
2017,21,64570,25840,10210,11940,2.92,-2.34,-4.76,-4.02
2017,22,50500,20040,8040,9140,7.91,1.57,0.75,-2.66
2017,23,66110,26580,10450,12280,9.51,4.73,3.26,4.42
2017,24,60830,24140,9480,11170,7.1,2.72,-1.35,3.81
2017,25,61040,24410,9800,11430,11.41,5.63,3.38,6.52
2017,26,62400,25110,10040,11700,80.66,72.46,70.17,74.11
2017,27,46860,18020,7040,8330,-22.03,-28.44,-31.45,-27.19
2017,28,61410,23680,9280,10820,10.31,3.27,1.75,2.56
2017,29,61210,23780,9410,10970,13.14,6.16,6.09,5.18
2017,30,60830,23960,9340,11100,9.74,5.23,1.85,7.56
2017,31,59830,23070,9080,10330,9.1,4.48,3.06,3.2
2017,32,59980,23190,9080,10360,8.94,2.75,0.33,0.88
2017,33,63040,24490,9640,11060,11.61,7.41,6.64,6.45
2017,34,58910,22580,8950,10360,4.47,-2.34,-2.61,-0.58
2017,35,59730,22990,9040,10570,9.44,4.6,2.61,5.49
2017,36,47010,17970,6970,8020,2.37,-3.54,-6.32,-6.09
2017,37,56480,21380,8600,9510,-2.39,-6.15,-3.91,-8.47
2017,38,60500,23450,9040,10640,3.45,-1.05,-3.0,-1.57
2017,39,59930,23260,8920,10470,5.29,1.26,-4.8,-0.66
2017,40,54810,21130,8290,9560,0.61,-3.16,-4.82,-4.59
2017,41,53950,20680,7970,9320,14.08,7.82,4.18,4.25
2017,42,60830,23050,8780,10340,12.27,5.01,0.92,2.99
2017,43,62650,24040,9350,11060,16.08,9.57,6.86,9.94
2017,44,59870,23170,8930,10750,15.22,10.97,6.95,12.57
2017,45,60820,23230,9020,10600,15.21,8.25,4.04,7.51
2017,46,56260,21530,8620,9760,9.78,4.92,6.29,3.28
2017,47,44740,17120,6840,7850,7.42,3.63,3.01,1.42
2017,48,54500,20360,8000,9250,6.4,1.14,-1.96,0.43
2017,49,61760,23670,9780,10780,10.7,4.5,4.71,3.65
2017,50,60900,23700,10030,10680,7.81,1.85,2.14,-1.29
2017,51,59570,23460,9920,10770,12.84,7.07,2.69,4.77
2017,52,11400,4660,1950,2390,-49.74,-50.32,-52.21,-48.27
2018,1,77490,31450,14030,14560,25.88,19.76,15.95,22.35
2018,2,79530,31450,13240,14400,12.05,9.62,7.21,8.52
2018,3,68510,25780,10620,11940,10.11,3.0,0.57,6.04
2018,4,79720,30420,12080,13670,4.58,1.64,-0.17,2.32
2018,5,81430,30500,12110,13380,8.44,4.74,2.63,6.53
2018,6,78100,28990,11390,12950,11.96,7.45,5.66,7.02
2018,7,74600,27810,10880,12540,10.86,6.39,3.13,8.1
2018,8,71930,26460,10310,11890,7.86,3.04,-0.1,4.02
2018,9,79890,29300,11520,12970,9.35,2.66,2.04,1.73
2018,10,78630,28950,11120,13020,8.62,2.51,0.27,3.83
2018,11,81010,30020,11610,13560,13.24,7.41,5.93,5.77
2018,12,78130,29360,11310,13060,13.31,9.35,7.61,6.01
2018,13,77600,29000,11220,12800,8.32,3.02,1.91,-0.47
2018,14,72820,26860,10490,11650,4.58,-1.97,0.77,-6.87
2018,15,73960,27110,10090,11710,10.45,4.11,2.44,-1.43
2018,16,70480,26390,9790,11550,9.25,4.89,4.37,-0.26
2018,17,75560,28700,11130,12740,12.98,6.61,5.3,1.76
2018,18,74680,28780,11160,12710,13.55,9.51,10.17,3.33
2018,19,72530,27920,10710,12500,10.36,6.65,2.98,3.73
2018,20,74650,28670,10990,13010,16.62,11.08,9.35,5.86
2018,21,70090,27040,10590,12310,8.55,4.64,3.72,3.1
2018,22,57610,22140,8800,9800,14.08,10.48,9.45,7.22
2018,23,69600,26320,10320,11780,5.28,-0.98,-1.24,-4.07
2018,24,69500,26180,10480,11570,14.25,8.45,10.55,3.58
2018,25,69160,26280,10430,11690,13.3,7.66,6.43,2.27
2018,26,68800,26300,10570,11750,10.26,4.74,5.28,0.43
2018,27,53280,19840,7820,8860,13.7,10.1,11.08,6.36
2018,28,66170,24460,9370,10750,7.75,3.29,0.97,-0.65
2018,29,62860,23100,8830,10030,2.7,-2.86,-6.16,-8.57
2018,30,67750,25030,9600,11140,11.38,4.47,2.78,0.36
2018,31,68360,25840,9890,11600,14.26,12.01,8.92,12.29
2018,32,66320,24630,9320,10850,10.57,6.21,2.64,4.73
2018,33,67260,24650,9540,10840,6.69,0.65,-1.04,-1.99
2018,34,65790,24120,9400,10370,11.68,6.82,5.03,0.1
2018,35,63200,22670,8950,9490,5.81,-1.39,-1.0,-10.22
2018,36,56000,20670,7900,9060,19.12,15.03,13.34,12.97
2018,37,64330,24270,9290,10450,13.9,13.52,8.02,9.88
2018,38,64500,24780,9490,10860,6.61,5.67,4.98,2.07
2018,39,64890,25290,9730,11100,8.28,8.73,9.08,6.02
2018,40,61890,24350,9260,10790,12.92,15.24,11.7,12.87
2018,41,55990,21570,8260,9480,3.78,4.3,3.64,1.72
2018,42,59800,23150,8860,10070,-1.69,0.43,0.91,-2.61
2018,43,65510,24530,9260,11310,4.57,2.04,-0.96,2.26
2018,44,62710,23070,8780,10370,4.74,-0.43,-1.68,-3.53
2018,45,56890,21550,8310,9530,-6.46,-7.23,-7.87,-10.09
2018,46,57000,21230,8230,9570,1.32,-1.39,-4.52,-1.95
2018,47,49460,18570,7040,8470,10.55,8.47,2.92,7.9
2018,48,58370,21060,8160,9400,7.1,3.44,2.0,1.62
2018,49,56710,21360,8610,9450,-8.18,-9.76,-11.96,-12.34
2018,50,63270,23720,9660,10310,3.89,0.08,-3.69,-3.46
2018,51,64320,24280,10280,10820,7.97,3.5,3.63,0.46
2018,52,30310,11340,5030,5040,165.88,143.35,157.95,110.88
2019,1,48390,18970,8540,8520,-37.55,-39.68,-39.13,-41.48
2019,2,81050,30640,12930,13430,1.91,-2.58,-2.34,-6.74
2019,3,75110,27760,11170,11960,9.63,7.68,5.18,0.17
2019,4,70660,25770,10350,10950,-11.36,-15.29,-14.32,-19.9
2019,5,80640,29100,11340,11890,-0.97,-4.59,-6.36,-11.14
2019,6,80810,28390,11030,11890,3.47,-2.07,-3.16,-8.19
2019,7,83210,30340,11700,12960,11.54,9.1,7.54,3.35
2019,8,73750,26600,10190,11360,2.53,0.53,-1.16,-4.46
2019,9,82520,29290,10850,12460,3.29,-0.03,-5.82,-3.93
2019,10,77500,26650,9540,11310,-1.44,-7.94,-14.21,-13.13
2019,11,80880,28550,10630,11980,-0.16,-4.9,-8.44,-11.65
2019,12,85440,30860,11410,13500,9.36,5.11,0.88,3.37
2019,13,84950,31090,11950,13240,9.47,7.21,6.51,3.44
2019,14,83780,30890,11860,12800,15.05,15.0,13.06,9.87
2019,15,75470,28120,10330,11830,2.04,3.73,2.38,1.02
2019,16,71250,26130,9680,10910,1.09,-0.99,-1.12,-5.54
2019,17,70050,26650,10370,11250,-7.29,-7.14,-6.83,-11.7
2019,18,75280,28570,10920,12110,0.8,-0.73,-2.15,-4.72
2019,19,71560,27270,10400,11790,-1.34,-2.33,-2.89,-5.68
2019,20,71900,27240,10140,11910,-3.68,-4.99,-7.73,-8.46
2019,21,69980,27030,10260,11340,-0.16,-0.04,-3.12,-7.88
2019,22,55900,21330,8260,9130,-2.97,-3.66,-6.14,-6.84
2019,23,69720,26700,10150,11690,0.17,1.44,-1.65,-0.76
2019,24,66630,25260,9540,10720,-4.13,-3.51,-8.97,-7.35
2019,25,67170,25420,9700,10900,-2.88,-3.27,-7.0,-6.76
2019,26,67530,25870,10060,10870,-1.85,-1.63,-4.82,-7.49
2019,27,49980,19020,7280,7840,-6.19,-4.13,-6.91,-11.51
2019,28,63030,23040,8680,9640,-4.75,-5.81,-7.36,-10.33
2019,29,64510,24080,9030,10010,2.62,4.24,2.27,-0.2
2019,30,63520,23520,9010,9750,-6.24,-6.03,-6.15,-12.48
2019,31,64240,23940,9120,9900,-6.03,-7.35,-7.79,-14.66
2019,32,65330,24510,9090,10410,-1.49,-0.49,-2.47,-4.06
2019,33,66360,24610,9160,10310,-1.34,-0.16,-3.98,-4.89
2019,34,67740,25040,9310,10420,2.96,3.81,-0.96,0.48
2019,35,63090,23670,8800,9990,-0.17,4.41,-1.68,5.27
2019,36,52580,19360,7390,8100,-6.11,-6.34,-6.46,-10.6
2019,37,64230,23620,8700,9980,-0.16,-2.68,-6.35,-4.5
2019,38,67460,25240,9460,10770,4.59,1.86,-0.32,-0.83
2019,39,66310,24770,8970,10710,2.19,-2.06,-7.81,-3.51
2019,40,65400,23640,8410,10140,5.67,-2.92,-9.18,-6.02
2019,41,63300,23310,8090,10200,13.06,8.07,-2.06,7.59
2019,42,57090,21270,7480,9560,-4.53,-8.12,-15.58,-5.06
2019,43,66430,24800,8610,11000,1.4,1.1,-7.02,-2.74
2019,44,64160,24090,8590,10640,2.31,4.42,-2.16,2.6
2019,45,62130,23170,8080,10130,9.21,7.52,-2.77,6.3
2019,46,57070,20770,7570,8880,0.12,-2.17,-8.02,-7.21
2019,47,63430,23390,8440,10200,28.25,25.96,19.89,20.43
2019,48,46840,17490,6410,7760,-19.75,-16.95,-21.45,-17.45
2019,49,55060,19920,7310,8610,-2.91,-6.74,-15.1,-8.89
2019,50,62950,23510,8920,10180,-0.51,-0.89,-7.66,-1.26
2019,51,64920,24630,9330,10900,0.93,1.44,-9.24,0.74
2019,52,42310,15800,6040,7160,39.59,39.33,20.08,42.06
2020,1,31010,11930,5220,5120,-35.92,-37.11,-38.88,-39.91
2020,2,91500,33860,13480,14040,12.89,10.51,4.25,4.54
2020,3,79640,29320,11210,12280,6.03,5.62,0.36,2.68
2020,4,75680,27300,10140,11170,7.1,5.94,-2.03,2.01
2020,5,85500,30820,11470,12730,6.03,5.91,1.15,7.06
2020,6,83840,30680,10850,12920,3.75,8.07,-1.63,8.66
2020,7,82130,29530,10560,12650,-1.3,-2.67,-9.74,-2.39
2020,8,75780,27510,9660,11700,2.75,3.42,-5.2,2.99
2020,9,82540,30210,10720,12650,0.02,3.14,-1.2,1.52
2020,10,84730,30430,10900,12820,9.33,14.18,14.26,13.35
2020,11,79310,28720,10150,11920,-1.94,0.6,-4.52,-0.5
2020,12,65410,23770,8130,10420,-23.44,-22.97,-28.75,-22.81
2020,13,54060,19460,6910,8250,-36.36,-37.41,-42.18,-37.69
2020,14,55720,18980,7020,7260,-33.49,-38.56,-40.81,-43.28
2020,15,59380,19260,7040,7070,-21.32,-31.51,-31.85,-40.24
2020,16,57010,18370,6750,6690,-19.99,-29.7,-30.27,-38.68
2020,17,62930,20410,7580,7560,-10.16,-23.41,-26.9,-32.8
2020,18,67900,22140,8260,8560,-9.8,-22.51,-24.36,-29.31
2020,19,69960,23230,8710,9260,-2.24,-14.81,-16.25,-21.46
2020,20,72820,24230,8960,9560,1.28,-11.05,-11.64,-19.73
2020,21,75840,24980,9370,9710,8.37,-7.58,-8.67,-14.37
2020,22,67810,21550,8110,8350,21.31,1.03,-1.82,-8.54
2020,23,74790,24970,9250,10080,7.27,-6.48,-8.87,-13.77
2020,24,83230,27810,10080,11000,24.91,10.1,5.66,2.61
2020,25,88700,29490,10690,11280,32.05,16.01,10.21,3.49
2020,26,103750,34210,12590,11890,53.64,32.24,25.15,9.38
2020,27,114040,37080,13550,12550,128.17,94.95,86.13,60.08
2020,28,113070,35960,13030,11560,79.39,56.08,50.12,19.92
2020,29,123810,38800,13810,12470,91.92,61.13,52.93,24.58
2020,30,117260,37810,13330,13560,84.6,60.76,47.95,39.08
2020,31,118020,37910,13630,13260,83.72,58.35,49.45,33.94
2020,32,114630,37210,13200,13380,75.46,51.82,45.21,28.53
2020,33,112430,37090,13110,13760,69.42,50.71,43.12,33.46
2020,34,104400,33900,11940,12580,54.12,35.38,28.25,20.73
2020,35,102100,33640,11950,12840,61.83,42.12,35.8,28.53
2020,36,102010,33500,12050,12830,94.01,73.04,63.06,58.4
2020,37,79900,26480,9250,10190,24.4,12.11,6.32,2.1
2020,38,97830,32470,11450,12560,45.02,28.65,21.04,16.62
2020,39,95570,31940,11330,12520,44.13,28.95,26.31,16.9
2020,40,91580,30390,10900,11960,40.03,28.55,29.61,17.95
2020,41,87880,29140,10600,11190,38.83,25.01,31.03,9.71
2020,42,82190,26960,9640,10480,43.97,26.75,28.88,9.62
2020,43,91570,30920,10960,12170,37.84,24.68,27.29,10.64
2020,44,88780,29540,10830,11430,38.37,22.62,26.08,7.42
2020,45,81260,27490,10060,10610,30.79,18.64,24.5,4.74
2020,46,79110,26470,9750,10170,38.62,27.44,28.8,14.53
2020,47,84300,28530,10210,11250,32.9,21.98,20.97,10.29
2020,48,64240,21790,8210,8730,37.15,24.59,28.08,12.5
2020,49,78900,25630,9610,9730,43.3,28.66,31.46,13.01
2020,50,86950,29120,11120,11130,38.13,23.86,24.66,9.33
2020,51,85480,28870,11220,11240,31.67,17.21,20.26,3.12
2020,52,59920,20570,8160,8130,41.62,30.19,35.1,13.55
2021,1,111230,38480,16270,13850,258.69,222.55,211.69,170.51
2021,2,143300,46660,18270,16130,56.61,37.8,35.53,14.89
2021,3,121280,39010,15240,12910,52.29,33.05,35.95,5.13
2021,4,126630,41190,15570,14210,67.32,50.88,53.55,27.22
2021,5,123370,39220,14810,13150,44.29,27.26,29.12,3.3
2021,6,119540,38830,14260,13940,42.58,26.56,31.43,7.89
2021,7,102730,32750,12020,11880,25.08,10.9,13.83,-6.09
2021,8,116030,37700,13890,13610,53.11,37.04,43.79,16.32
2021,9,119930,39340,14050,14390,45.3,30.22,31.06,13.75
2021,10,121730,39890,14400,14330,43.67,31.09,32.11,11.78
2021,11,123880,40110,14470,14400,56.2,39.66,42.56,20.81
2021,12,125930,40630,14570,14370,92.52,70.93,79.21,37.91
2021,13,122110,39010,13920,13670,125.88,100.46,101.45,65.7
2021,14,117260,37660,13310,12890,110.45,98.42,89.6,77.55
2021,15,130320,41520,14680,13570,119.47,115.58,108.52,91.94
2021,16,130400,41260,14740,13170,128.73,124.61,118.37,96.86
2021,17,134880,42720,15000,14090,114.33,109.31,97.89,86.38
2021,18,127390,40740,14440,13170,87.61,84.01,74.82,53.86
2021,19,115790,37730,13160,12760,65.51,62.42,51.09,37.8
2021,20,123200,40690,14270,13670,69.18,67.93,59.26,42.99
2021,21,118000,39680,14650,13820,55.59,58.85,56.35,42.33
2021,22,96130,32180,11990,11160,41.76,49.33,47.84,33.65
2021,23,109240,36760,13130,13440,46.06,47.22,41.95,33.33
2021,24,88590,29860,11000,10960,6.44,7.37,9.13,-0.36
2021,25,123070,41190,15220,14950,38.75,39.67,42.38,32.54
2021,26,101050,33950,12420,12290,-2.6,-0.76,-1.35,3.36
2021,27,84280,27630,10140,9690,-26.1,-25.49,-25.17,-22.79
2021,28,101860,33900,12420,11930,-9.91,-5.73,-4.68,3.2
2021,29,98960,32810,11860,11760,-20.07,-15.44,-14.12,-5.69
2021,30,96710,31640,11730,11340,-17.53,-16.32,-12.0,-16.37
2021,31,97100,31600,11690,11340,-17.73,-16.64,-14.23,-14.48
2021,32,95530,31580,11600,11630,-16.66,-15.13,-12.12,-13.08
2021,33,95230,31510,11530,11740,-15.3,-15.04,-12.05,-14.68
2021,34,95750,31530,11350,11530,-8.29,-6.99,-4.94,-8.35
2021,35,95490,31120,11360,11390,-6.47,-7.49,-4.94,-11.29
2021,36,80400,26210,9810,9310,-21.18,-21.76,-18.59,-27.44
2021,37,97030,31090,11320,11220,21.44,17.41,22.38,10.11
2021,38,96400,31780,11700,11630,-1.46,-2.13,2.18,-7.4
2021,39,93390,31090,11270,11610,-2.28,-2.66,-0.53,-7.27
2021,40,92810,30920,11130,11530,1.34,1.74,2.11,-3.6
2021,41,87280,28790,10240,10620,-0.68,-1.2,-3.4,-5.09
2021,42,73600,24540,8720,9430,-10.45,-8.98,-9.54,-10.02
2021,43,113160,37860,13710,14490,23.58,22.45,25.09,19.06
2021,44,88570,29800,10820,11410,-0.24,0.88,-0.09,-0.17
2021,45,74890,25570,9110,9840,-7.84,-6.98,-9.44,-7.26
2021,46,103970,34700,12660,13140,31.42,31.09,29.85,29.2
2021,47,69610,23590,8590,9380,-17.43,-17.32,-15.87,-16.62
2021,48,82200,27420,10180,10400,27.96,25.84,24.0,19.13
2021,49,91200,30120,11390,11570,15.59,17.52,18.52,18.91
2021,50,91150,30490,11620,11560,4.83,4.7,4.5,3.86
2021,51,69790,23400,9070,9180,-18.36,-18.95,-19.16,-18.33
2021,52,42440,14210,5630,5500,-29.17,-30.92,-31.0,-32.35
2022,1,113210,38180,15440,14390,1.78,-0.78,-5.1,3.9
2022,2,112950,37220,13980,14160,-21.18,-20.23,-23.48,-12.21
2022,3,106360,33700,12470,12460,-12.3,-13.61,-18.18,-3.49
2022,4,117450,36790,13570,13140,-7.25,-10.68,-12.85,-7.53
2022,5,112120,36210,13320,13000,-9.12,-7.67,-10.06,-1.14
2022,6,114070,35310,12770,12880,-4.58,-9.07,-10.45,-7.6
2022,7,111520,34980,12540,12850,8.56,6.81,4.33,8.16
2022,8,112600,34700,12220,12600,-2.96,-7.96,-12.02,-7.42
2022,9,118640,36100,12940,13120,-1.08,-8.24,-7.9,-8.83
2022,10,115630,35970,12740,12740,-5.01,-9.83,-11.53,-11.1
2022,11,114020,36020,12800,12880,-7.96,-10.2,-11.54,-10.56
2022,12,110080,35180,12400,12580,-12.59,-13.41,-14.89,-12.46
2022,13,105500,33520,11820,11060,-13.6,-14.07,-15.09,-19.09
2022,14,107320,34220,11940,11350,-8.48,-9.13,-10.29,-11.95
2022,15,108570,33810,11590,11200,-16.69,-18.57,-21.05,-17.46
2022,16,120350,36720,12780,11300,-7.71,-11.0,-13.3,-14.2
2022,17,110310,36080,12480,12700,-18.22,-15.54,-16.8,-9.87
2022,18,105330,34760,12170,12610,-17.32,-14.68,-15.72,-4.25
2022,19,101130,34490,12260,13080,-12.66,-8.59,-6.84,2.51
2022,20,103410,34780,12070,13190,-16.06,-14.52,-15.42,-3.51
2022,21,101100,34090,11790,12550,-14.32,-14.09,-19.52,-9.19
2022,22,84550,28390,10050,10580,-12.05,-11.78,-16.18,-5.2
2022,23,104320,34690,12330,12450,-4.5,-5.63,-6.09,-7.37
2022,24,99770,33760,11780,12570,12.62,13.06,7.09,14.69
2022,25,88500,29920,10380,10890,-28.09,-27.36,-31.8,-27.16
2022,26,96650,33090,11420,12260,-4.35,-2.53,-8.05,-0.24
2022,27,76640,25620,9040,9410,-9.07,-7.27,-10.85,-2.89
2022,28,96210,32330,11260,11470,-5.55,-4.63,-9.34,-3.86
2022,29,97910,32970,11330,11870,-1.06,0.49,-4.47,0.94
2022,30,95010,31500,11050,11110,-1.76,-0.44,-5.8,-2.03
2022,31,91820,30250,10690,10780,-5.44,-4.27,-8.55,-4.94
2022,32,93540,31040,11010,11070,-2.08,-1.71,-5.09,-4.82
2022,33,93360,30760,10870,10820,-1.96,-2.38,-5.72,-7.84
2022,34,95560,31140,10870,11110,-0.2,-1.24,-4.23,-3.64
2022,35,96280,31550,11040,11300,0.83,1.38,-2.82,-0.79
2022,36,80810,26140,9100,9160,0.51,-0.27,-7.24,-1.61
2022,37,96770,31980,11010,11520,-0.27,2.86,-2.74,2.67
2022,38,95580,31690,11110,11280,-0.85,-0.28,-5.04,-3.01
2022,39,93520,31190,11050,11300,0.14,0.32,-1.95,-2.67
2022,40,94510,31210,11020,11290,1.83,0.94,-0.99,-2.08
2022,41,89560,29610,10360,10640,2.61,2.85,1.17,0.19
2022,42,92670,30590,10940,10740,25.91,24.65,25.46,13.89
2022,43,92720,30990,11170,10900,-18.06,-18.15,-18.53,-24.78
2022,44,88200,29290,10440,10620,-0.42,-1.71,-3.51,-6.92
2022,45,90270,30020,10740,10770,20.54,17.4,17.89,9.45
2022,46,84150,27800,10230,9640,-19.06,-19.88,-19.19,-26.64
2022,47,65660,21800,7870,8110,-5.67,-7.59,-8.38,-13.54
2022,48,79340,25860,9570,9170,-3.48,-5.69,-5.99,-11.83
2022,49,89570,29300,10580,10430,-1.79,-2.72,-7.11,-9.85
2022,50,88630,29490,11040,10330,-2.76,-3.28,-4.99,-10.64
2022,51,84380,28670,11060,10550,20.91,22.52,21.94,14.92
2022,52,33480,11020,4270,4030,-21.11,-22.45,-24.16,-26.73
2023,1,86850,28930,11300,10300,-23.28,-24.23,-26.81,-28.42
2023,2,129060,42060,15520,14870,14.26,13.0,11.02,5.01
2023,3,103910,33560,11980,11700,-2.3,-0.42,-3.93,-6.1
2023,4,122120,39070,13680,13230,3.98,6.2,0.81,0.68
2023,5,122990,39460,13330,13070,9.69,8.98,0.08,0.54
2023,6,118340,38640,12960,13440,3.74,9.43,1.49,4.35
2023,7,113750,37430,12950,12890,2.0,7.0,3.27,0.31
2023,8,110690,35880,12450,11910,-1.7,3.4,1.88,-5.48
2023,9,124330,40550,14220,13230,4.8,12.33,9.89,0.84
2023,10,123230,39850,13700,13400,6.57,10.79,7.54,5.18
2023,11,128340,41430,14450,14090,12.56,15.02,12.89,9.39
2023,12,123580,39900,13900,13320,12.26,13.42,12.1,5.88
2023,13,119270,38920,13470,12980,13.05,16.11,13.96,17.36
2023,14,112490,36510,12640,12020,4.82,6.69,5.86,5.9
2023,15,111770,36240,12450,12030,2.95,7.19,7.42,7.41
2023,16,116100,37650,12640,12600,-3.53,2.53,-1.1,11.5
2023,17,117730,39110,13710,13260,6.73,8.4,9.86,4.41
2023,18,115240,37790,12860,13020,9.41,8.72,5.67,3.25
2023,19,108040,34890,11400,12370,6.83,1.16,-7.01,-5.43
2023,20,110910,36160,11930,12700,7.25,3.97,-1.16,-3.71
2023,21,110060,35720,11650,12580,8.86,4.78,-1.19,0.24
2023,22,89830,28710,9690,9780,6.24,1.13,-3.58,-7.56
2023,23,110090,35830,11620,12070,5.53,3.29,-5.76,-3.05
2023,24,110880,35820,12030,11920,11.14,6.1,2.12,-5.17
2023,25,105670,33810,11140,11100,19.4,13.0,7.32,1.93
2023,26,109440,35640,11730,11770,13.23,7.71,2.71,-4.0
2023,27,84580,27190,8850,8680,10.36,6.13,-2.1,-7.76
2023,28,111470,36070,11460,11780,15.86,11.57,1.78,2.7
2023,29,110780,35140,11120,11840,13.14,6.58,-1.85,-0.25
2023,30,106490,33090,10700,11260,12.08,5.05,-3.17,1.35
2023,31,105160,32810,10550,10950,14.53,8.46,-1.31,1.58
2023,32,105280,33220,11010,11730,12.55,7.02,0.0,5.96
2023,33,104410,33370,11690,11730,11.84,8.49,7.54,8.41
2023,34,103660,33170,11590,11100,8.48,6.52,6.62,-0.09
2023,35,105700,33870,12300,11210,9.78,7.35,11.41,-0.8
2023,36,91270,30800,12590,9420,12.94,17.83,38.35,2.84
2023,37,106710,36410,14390,11250,10.27,13.85,30.7,-2.34
2023,38,106130,35360,13940,11470,11.04,11.58,25.47,1.68
2023,39,105060,33780,12920,11100,12.34,8.3,16.92,-1.77
2023,40,104210,33720,13190,10940,10.26,8.04,19.69,-3.1
2023,41,95980,31110,12130,9810,7.17,5.07,17.08,-7.8
2023,42,105780,34300,14010,10450,14.15,12.13,28.06,-2.7
2023,43,99770,33380,12500,11480,7.6,7.71,11.91,5.32
2023,44,95390,32200,12390,10670,8.15,9.94,18.68,0.47
2023,45,95480,31270,11140,11060,5.77,4.16,3.72,2.69
2023,46,95090,30870,11810,10210,13.0,11.04,15.44,5.91
2023,47,75760,23660,8340,8390,15.38,8.53,5.97,3.45
2023,48,87040,27620,9540,9520,9.71,6.81,-0.31,3.82
2023,49,98000,33210,11850,11230,9.41,13.34,12.0,7.67
2023,50,92690,31900,10960,10370,4.58,8.17,-0.72,0.39
2023,51,91910,31090,10940,11750,8.92,8.44,-1.08,11.37
2023,52,34750,11110,4080,4340,3.79,0.82,-4.45,7.69
2024,1,96910,32770,12620,11460,11.58,13.27,11.68,11.26
2024,2,125120,41130,14140,13400,-3.05,-2.21,-8.89,-9.89
2024,3,105810,34850,11750,11450,1.83,3.84,-1.92,-2.14
2024,4,119660,38210,13190,12910,-2.01,-2.2,-3.58,-2.42
2024,5,131220,40460,13540,13470,6.69,2.53,1.58,3.06
2024,6,122430,38390,12220,13230,3.46,-0.65,-5.71,-1.56
2024,7,108650,35000,11540,12030,-4.48,-6.49,-10.89,-6.67
2024,8,111230,35570,11800,11940,0.49,-0.86,-5.22,0.25
2024,9,117270,37720,12510,12700,-5.68,-6.98,-12.03,-4.01
2024,10,115430,36770,12010,12650,-6.33,-7.73,-12.34,-5.6
2024,11,116050,37010,12400,12750,-9.58,-10.67,-14.19,-9.51
2024,12,120450,37560,12350,13090,-2.53,-5.86,-11.15,-1.73
2024,13,119750,36580,12240,12640,0.4,-6.01,-9.13,-2.62
2024,14,109640,35370,11380,12800,-2.53,-3.12,-9.97,6.49
2024,15,110130,35330,11190,12910,-1.47,-2.51,-10.12,7.32
2024,16,109820,35500,11370,12740,-5.41,-5.71,-10.05,1.11
2024,17,114960,36390,12310,13070,-2.35,-6.95,-10.21,-1.43
2024,18,109240,36620,11790,13640,-5.21,-3.1,-8.32,4.76
2024,19,108810,36110,11510,13920,0.71,3.5,0.96,12.53
2024,20,101800,33770,11870,11840,-8.21,-6.61,-0.5,-6.77
2024,21,100360,33850,11610,11930,-8.81,-5.24,-0.34,-5.17
2024,22,85530,28200,9890,9910,-4.79,-1.78,2.06,1.33
2024,23,103750,34570,11610,12140,-5.76,-3.52,-0.09,0.58
2024,24,102530,33340,11060,11640,-7.53,-6.92,-8.06,-2.35
2024,25,95610,30940,9990,10850,-9.52,-8.49,-10.32,-2.25
2024,26,100490,32270,10740,11380,-8.18,-9.46,-8.44,-3.31
2024,27,78420,24840,8520,8500,-7.28,-8.64,-3.73,-2.07
2024,28,96040,30550,10190,10490,-13.84,-15.3,-11.08,-10.95
2024,29,95670,31100,10390,10750,-13.64,-11.5,-6.56,-9.21
2024,30,94090,31180,10200,10950,-11.64,-5.77,-4.67,-2.75
2024,31,93300,30800,9950,10880,-11.28,-6.13,-5.69,-0.64
2024,32,93710,30780,10060,10570,-10.99,-7.34,-8.63,-9.89
2024,33,97170,31590,10600,10980,-6.93,-5.33,-9.32,-6.39
2024,34,98520,32200,10700,11200,-4.96,-2.92,-7.68,0.9
2024,35,100120,32680,10890,11060,-5.28,-3.51,-11.46,-1.34
2024,36,83160,26860,8880,9260,-8.89,-12.79,-29.47,-1.7
2024,37,96850,31770,10300,11110,-9.24,-12.74,-28.42,-1.24
2024,38,96080,31580,10280,10990,-9.47,-10.69,-26.26,-4.18
2024,39,94350,31120,9990,11170,-10.19,-7.87,-22.68,0.63
2024,40,90200,30750,9510,11750,-13.44,-8.81,-27.9,7.4
2024,41,91010,31430,9520,12510,-5.18,1.03,-21.52,27.52
2024,42,92320,33130,9580,13830,-12.72,-3.41,-31.62,32.34
2024,43,91210,32080,9520,12700,-8.58,-3.89,-23.84,10.63
2024,44,94540,34090,9710,14700,-0.89,5.87,-21.63,37.77
2024,45,93190,30310,9440,11180,-2.4,-3.07,-15.26,1.08
2024,46,91170,32640,9530,14230,-4.12,5.73,-19.31,39.37
2024,47,93000,34150,9770,15040,22.76,44.34,17.15,79.26
2024,48,74210,27400,7940,12440,-14.74,-0.8,-16.77,30.67
2024,49,80630,28380,8970,11550,-17.72,-14.54,-24.3,2.85
2024,50,92630,32230,10760,12200,-0.06,1.03,-1.82,17.65
2024,51,90500,32130,10530,12520,-1.53,3.35,-3.75,6.55
2024,52,58840,21570,6660,9710,69.32,94.15,63.24,123.73
2025,1,11050,4450,1230,2370,-88.6,-86.42,-90.25,-79.32
2025,2,139070,50000,16730,20070,11.15,21.57,18.32,49.78
2025,3,136500,48640,15250,19430,29.0,39.57,29.79,69.69
2025,4,99490,35210,10880,13700,-16.86,-7.85,-17.51,6.12
2025,5,112070,39010,12280,14380,-14.59,-3.58,-9.31,6.76
2025,6,113300,39080,12170,14510,-7.46,1.8,-0.41,9.67
2025,7,111190,37890,11540,14310,2.34,8.26,0.0,18.95
2025,8,102970,35400,10740,13260,-7.43,-0.48,-8.98,11.06
2025,9,113640,37660,11910,12750,-3.1,-0.16,-4.8,0.39
2025,10,117290,40300,11980,15270,1.61,9.6,-0.25,20.71
2025,11,130280,52180,11920,27380,12.26,40.99,-3.87,114.75
2025,12,130770,41200,11880,15910,8.57,9.69,-3.81,21.54
2025,13,120470,40910,11470,16260,0.6,11.84,-6.29,28.64
2025,14,118880,40040,11700,14680,8.43,13.2,2.81,14.69
2025,15,117080,39010,11260,14430,6.31,10.42,0.63,11.77
2025,16,114960,38170,11060,14000,4.68,7.52,-2.73,9.89
2025,17,120190,49430,10790,26510,4.55,35.83,-12.35,102.83
2025,18,113080,36230,11340,12170,3.52,-1.06,-3.82,-10.78
2025,19,116720,43370,11150,20050,7.27,20.11,-3.13,44.04
2025,20,108260,38640,10870,15390,6.35,14.42,-8.42,29.98
2025,21,109490,40050,10970,16790,9.1,18.32,-5.51,40.74
2025,22,92270,33700,9170,14430,7.88,19.5,-7.28,45.61
2025,23,106540,37550,10500,14890,2.69,8.62,-9.56,22.65
2025,24,109780,42530,10340,20420,7.07,27.56,-6.51,75.43
2025,25,91210,33280,8310,15560,-4.6,7.56,-16.82,43.41
2025,26,122120,43940,11560,18950,21.52,36.16,7.64,66.52
